,SE_NUMBER,TIME,BID_PRICE,PRICE,DATE
0,,,,,01-01-2020
1,1,08:30,42.300,42.750,02-01-2020
2,1,08:30,42.480,42.830,03-01-2020
3,1,09:25,42.800,43.150,04-01-2020
4,,,,,05-01-2020
5,1,08:35,43.650,44.100,06-01-2020
6,1,08:30,43.680,44.130,07-01-2020
7,1,08:15,43.650,44.000,08-01-2020
8,1,08:50,43.450,43.950,09-01-2020
9,1,08:30,42.900,43.400,10-01-2020
10,1,08:35,43.200,43.650,11-01-2020
11,,,,,12-01-2020
12,1,08:05,43.200,43.650,13-01-2020
13,1,08:30,42.650,43.050,14-01-2020
14,1,08:50,42.950,43.300,15-01-2020
15,1,08:25,43.000,43.350,16-01-2020
16,1,08:25,42.950,43.300,17-01-2020
17,1,08:30,43.100,43.450,18-01-2020
18,,,,,19-01-2020
19,1,08:35,43.300,43.700,20-01-2020
20,1,08:25,43.550,43.950,21-01-2020
21,1,08:30,43.250,43.650,22-01-2020
22,,,,,23-01-2020
23,,,,,24-01-2020
24,,,,,25-01-2020
25,,,,,26-01-2020
26,,,,,27-01-2020
27,,,,,28-01-2020
28,,,,,29-01-2020
29,1,08:20,43.300,43.750,30-01-2020
30,1,08:30,44.150,44.550,31-01-2020
31,1,08:30,44.350,44.750,01-02-2020
32,1,08:35,44.450,44.950,02-02-2020
33,1,07:20,44.350,44.850,03-02-2020
34,1,11:10,43.800,44.200,04-02-2020
35,1,10:35,43.250,43.750,05-02-2020
36,1,09:15,43.400,43.850,06-02-2020
37,1,08:40,43.600,44.000,07-02-2020
38,1,08:45,43.700,44.150,08-02-2020
39,,,,,09-02-2020
40,1,08:30,44.250,44.800,10-02-2020
41,1,08:55,43.900,44.250,11-02-2020
42,1,08:25,43.850,44.200,12-02-2020
43,1,08:30,43.900,44.250,13-02-2020
44,1,08:30,44.000,44.350,14-02-2020
45,1,08:40,44.060,44.430,15-02-2020
46,,,,,16-02-2020
47,1,08:30,44.050,44.400,17-02-2020
48,1,08:25,44.250,44.550,18-02-2020
49,1,08:20,44.630,44.980,19-02-2020
50,1,08:30,44.680,45.030,20-02-2020
51,1,08:30,44.900,45.300,21-02-2020
52,1,08:30,45.450,45.850,22-02-2020
53,,,,,23-02-2020
54,1,08:25,45.600,46.050,24-02-2020
55,1,09:00,46.500,47.800,25-02-2020
56,1,09:00,46.000,47.000,26-02-2020
57,1,08:25,46.150,46.950,27-02-2020
58,1,08:40,46.000,46.600,28-02-2020
59,1,08:35,44.600,45.600,29-02-2020
60,,,,,01-03-2020
61,1,08:40,45.750,46.200,02-03-2020
62,1,08:25,45.750,46.250,03-03-2020
63,1,08:35,46.800,47.600,04-03-2020
64,1,09:10,46.450,46.950,05-03-2020
65,1,08:30,46.850,47.350,06-03-2020
66,1,08:25,46.600,47.100,07-03-2020
67,,,,,08-03-2020
68,1,08:30,46.800,47.300,09-03-2020
69,1,08:35,47.050,47.650,10-03-2020
70,1,08:35,46.850,47.450,11-03-2020
71,1,09:00,46.650,47.250,12-03-2020
72,1,08:30,46.900,47.500,13-03-2020
73,,,,,14-03-2020
74,,,,,15-03-2020
75,,,,,16-03-2020
76,,,,,17-03-2020
77,,,,,18-03-2020
78,1,16:25,45.800,46.600,19-03-2020
79,1,09:40,46.000,46.800,20-03-2020
80,1,08:30,45.750,46.550,21-03-2020
81,,,,,22-03-2020
82,1,08:30,45.800,46.500,23-03-2020
83,1,08:20,45.800,46.500,24-03-2020
84,1,08:25,46.500,47.200,25-03-2020
85,1,09:25,46.600,47.300,26-03-2020
86,1,08:35,47.050,47.850,27-03-2020
87,1,08:25,46.950,47.800,28-03-2020
88,,,,,29-03-2020
89,1,08:30,47.100,47.900,30-03-2020
90,1,08:55,47.100,48.300,31-03-2020
91,1,08:40,46.600,47.900,01-04-2020
92,1,16:00,47.050,48.050,02-04-2020
93,1,08:40,47.150,48.150,03-04-2020
94,,,,,04-04-2020
95,,,,,05-04-2020
96,1,15:10,47.000,48.000,06-04-2020
97,1,08:55,47.400,48.400,07-04-2020
98,1,10:05,47.000,47.900,08-04-2020
99,1,14:05,47.200,48.050,09-04-2020
100,1,08:40,47.600,48.450,10-04-2020
101,,,,,11-04-2020
102,,,,,12-04-2020
103,1,08:40,47.450,48.300,13-04-2020
104,1,08:25,47.550,48.400,14-04-2020
105,1,09:25,47.700,48.500,15-04-2020
106,1,08:30,47.550,48.350,16-04-2020
107,1,09:20,47.500,48.250,17-04-2020
108,,,,,18-04-2020
109,,,,,19-04-2020
110,1,08:25,47.400,48.150,20-04-2020
111,1,08:55,47.400,48.050,21-04-2020
112,1,09:00,47.500,48.150,22-04-2020
113,1,08:30,47.650,48.300,23-04-2020
114,1,08:30,47.750,48.400,24-04-2020
115,1,10:45,47.900,48.550,25-04-2020
116,,,,,26-04-2020
117,1,09:20,47.850,48.500,27-04-2020
118,1,10:40,47.750,48.400,28-04-2020
119,1,09:05,48.000,48.650,29-04-2020
120,,,,,30-04-2020
121,,,,,01-05-2020
122,,,,,02-05-2020
123,,,,,03-05-2020
124,1,10:25,47.800,48.400,04-05-2020
125,1,08:25,47.850,48.450,05-05-2020
126,1,09:00,47.900,48.500,06-05-2020
127,1,08:50,47.800,48.250,07-05-2020
128,1,08:25,48.000,48.450,08-05-2020
129,1,08:25,47.900,48.300,09-05-2020
130,,,,,10-05-2020
131,1,08:45,47.850,48.300,11-05-2020
132,1,08:35,47.750,48.150,12-05-2020
133,1,16:00,48.000,48.400,13-05-2020
134,1,16:00,48.170,48.550,14-05-2020
135,1,09:30,48.650,49.000,01-06-2020
136,1,09:10,48.680,49.030,02-06-2020
137,1,11:00,48.520,48.870,03-06-2020
138,1,08:25,48.380,48.730,04-06-2020
139,1,10:15,48.500,48.840,05-06-2020
140,1,08:35,48.480,48.820,06-06-2020
141,,,,,07-06-2020
142,1,08:40,48.330,48.680,08-06-2020
143,1,08:35,48.400,48.750,09-06-2020
144,1,08:35,48.430,48.780,10-06-2020
145,1,08:50,48.520,48.870,11-06-2020
146,1,14:30,48.420,48.770,12-06-2020
147,1,08:30,48.420,48.770,13-06-2020
148,,,,,14-06-2020
149,1,09:30,48.460,48.800,15-06-2020
150,1,16:00,48.320,48.670,16-06-2020
151,1,16:00,48.250,48.600,17-06-2020
152,1,12:52,48.280,48.610,18-06-2020
153,1,13:50,48.340,48.670,19-06-2020
154,1,08:35,48.480,48.830,20-06-2020
155,,,,,21-06-2020
156,1,08:25,48.580,48.930,22-06-2020
157,1,08:25,48.700,49.050,23-06-2020
158,1,08:25,48.870,49.250,24-06-2020
159,1,08:45,48.850,49.230,25-06-2020
160,1,11:10,48.830,49.180,26-06-2020
161,1,08:40,48.870,49.220,27-06-2020
162,,,,,28-06-2020
163,1,08:25,48.980,49.330,29-06-2020
164,1,09:25,48.970,49.320,30-06-2020
165,1,08:35,49.150,49.530,01-07-2020
166,1,09:10,49.200,49.580,02-07-2020
167,1,14:00,49.350,49.720,03-07-2020
168,1,08:55,49.500,49.880,04-07-2020
169,,,,,05-07-2020
170,1,08:50,49.540,49.920,06-07-2020
171,1,08:30,49.900,50.350,07-07-2020
172,1,09:40,49.930,50.330,08-07-2020
173,1,08:40,50.000,50.400,09-07-2020
174,1,08:40,50.120,50.570,10-07-2020
175,1,08:40,50.200,50.650,11-07-2020
176,,,,,12-07-2020
177,1,08:35,50.250,50.650,13-07-2020
178,1,08:25,50.170,50.530,14-07-2020
179,1,10:40,50.250,50.620,15-07-2020
180,1,11:00,50.280,50.650,16-07-2020
181,1,09:35,50.280,50.650,17-07-2020
182,1,08:45,50.350,50.750,18-07-2020
183,,,,,19-07-2020
184,1,08:55,50.350,50.750,20-07-2020
185,1,08:30,50.650,51.030,21-07-2020
186,1,08:35,51.500,52.650,22-07-2020
187,1,08:35,52.380,53.380,23-07-2020
188,1,08:35,53.720,54.870,24-07-2020
189,1,08:45,53.500,55.000,25-07-2020
190,,,,,26-07-2020
191,1,08:40,54.500,56.000,27-07-2020
192,1,09:05,56.500,58.100,28-07-2020
193,1,08:50,56.400,57.900,29-07-2020
194,1,08:35,56.700,57.950,30-07-2020
195,1,13:35,56.600,57.900,31-07-2020
196,1,08:35,56.630,57.930,01-08-2020
197,,,,,02-08-2020
198,1,09:10,56.800,57.950,03-08-2020
199,1,08:35,56.750,57.900,04-08-2020
200,1,08:25,56.830,57.980,05-08-2020
201,1,08:30,58.250,59.500,06-08-2020
202,1,10:10,60.600,62.200,07-08-2020
203,1,08:40,59.800,61.700,08-08-2020
204,,,,,09-08-2020
205,1,08:30,57.960,59.920,10-08-2020
206,1,08:35,55.680,57.520,11-08-2020
207,1,08:25,53.580,55.480,12-08-2020
208,1,09:00,52.900,56.220,13-08-2020
209,1,09:05,54.950,57.720,14-08-2020
210,1,09:00,54.530,56.530,15-08-2020
211,,,,,16-08-2020
212,1,08:40,53.950,55.600,17-08-2020
213,1,08:40,56.700,58.450,18-08-2020
214,1,08:35,56.250,57.650,19-08-2020
215,1,08:40,54.150,55.650,20-08-2020
216,1,08:30,55.350,56.750,21-08-2020
217,,,,,22-08-2020
218,,,,,23-08-2020
219,1,08:45,55.150,56.350,24-08-2020
220,1,08:50,55.050,56.100,25-08-2020
221,1,08:55,55.000,56.050,26-08-2020
222,1,08:35,55.250,56.250,27-08-2020
223,1,09:10,55.250,56.200,28-08-2020
224,1,08:35,55.800,56.900,29-08-2020
225,,,,,30-08-2020
226,1,08:40,56.000,56.950,31-08-2020
227,1,09:00,56.550,57.500,01-09-2020
228,,,,,02-09-2020
229,1,08:55,56.050,57.000,03-09-2020
230,1,13:20,55.850,56.800,04-09-2020
231,1,08:30,55.750,56.700,05-09-2020
232,,,,,06-09-2020
233,1,09:00,55.850,56.750,07-09-2020
234,1,08:35,55.700,56.500,08-09-2020
235,1,08:40,55.600,56.400,09-09-2020
236,1,08:30,56.050,56.750,10-09-2020
237,1,08:35,56.000,56.700,11-09-2020
238,1,08:30,55.850,56.550,12-09-2020
239,,,,,13-09-2020
240,1,10:20,55.850,56.550,14-09-2020
241,1,08:55,56.050,56.600,15-09-2020
242,1,09:50,56.050,56.550,16-09-2020
243,1,09:05,56.150,56.600,17-09-2020
244,1,09:45,56.100,56.550,18-09-2020
245,1,08:20,56.000,56.500,19-09-2020
246,,,,,20-09-2020
247,1,09:10,56.070,56.520,21-09-2020
248,1,08:15,56.100,56.550,22-09-2020
249,1,09:30,55.700,56.150,23-09-2020
250,1,08:30,55.100,55.600,24-09-2020
251,1,08:35,54.700,55.200,25-09-2020
252,1,09:50,55.050,55.550,26-09-2020
253,,,,,27-09-2020
254,1,08:35,55.080,55.550,28-09-2020
255,1,08:25,54.650,55.300,29-09-2020
256,1,08:55,55.250,55.750,30-09-2020
257,1,08:35,55.150,55.650,01-10-2020
258,1,09:25,55.650,56.150,02-10-2020
259,1,10:15,55.950,56.450,03-10-2020
260,,,,,04-10-2020
261,1,09:35,55.950,56.450,05-10-2020
262,1,08:35,56.000,56.500,06-10-2020
263,1,08:30,55.550,56.050,07-10-2020
264,1,08:25,55.600,56.100,08-10-2020
265,1,08:40,55.750,56.250,09-10-2020
266,1,08:50,56.000,56.500,10-10-2020
267,,,,,11-10-2020
268,1,15:45,55.950,56.450,12-10-2020
269,1,08:35,55.850,56.350,13-10-2020
270,1,09:00,55.600,56.100,14-10-2020
271,1,08:30,55.700,56.250,15-10-2020
272,1,09:10,55.850,56.300,16-10-2020
273,1,08:40,55.820,56.270,17-10-2020
274,,,,,18-10-2020
275,1,08:40,55.750,56.250,19-10-2020
276,1,10:45,55.850,56.350,20-10-2020
277,1,08:35,55.950,56.450,21-10-2020
278,1,08:45,55.950,56.450,22-10-2020
279,1,08:35,55.880,56.380,23-10-2020
280,1,08:35,55.850,56.350,24-10-2020
281,,,,,25-10-2020
282,1,15:05,55.800,56.300,26-10-2020
283,1,09:15,55.950,56.400,27-10-2020
284,1,08:30,55.950,56.400,28-10-2020
285,1,10:15,55.650,56.150,29-10-2020
286,1,09:45,55.700,56.200,30-10-2020
287,1,08:20,55.950,56.450,31-10-2020
288,,,,,01-11-2020
289,1,08:55,55.950,56.450,02-11-2020
290,1,08:35,56.250,56.750,03-11-2020
291,1,08:25,56.200,56.700,04-11-2020
292,1,09:40,55.950,56.450,05-11-2020
293,1,09:00,56.150,56.650,06-11-2020
294,1,08:40,56.300,56.800,07-11-2020
295,,,,,08-11-2020
296,1,10:05,56.400,56.900,09-11-2020
297,1,09:00,55.600,56.150,10-11-2020
298,1,09:55,55.850,56.350,11-11-2020
299,1,08:30,55.800,56.300,12-11-2020
300,1,10:20,55.900,56.400,13-11-2020
301,1,08:40,55.900,56.400,14-11-2020
302,,,,,15-11-2020
303,1,09:20,55.950,56.450,16-11-2020
304,1,09:35,55.850,56.350,17-11-2020
305,1,13:50,55.700,56.200,18-11-2020
306,1,13:00,55.750,56.200,19-11-2020
307,1,08:35,55.700,56.150,20-11-2020
308,1,08:30,55.750,56.200,21-11-2020
309,,,,,22-11-2020
310,1,10:20,55.750,56.200,23-11-2020
311,1,08:30,55.200,55.650,24-11-2020
312,1,08:35,54.800,55.250,25-11-2020
313,1,08:35,54.250,54.800,26-11-2020
314,1,09:00,54.500,55.000,27-11-2020
315,1,08:40,54.150,54.700,28-11-2020
316,,,,,29-11-2020
317,1,08:35,53.880,54.430,30-11-2020
318,1,08:50,53.100,53.700,01-12-2020
319,1,08:30,54.100,54.750,02-12-2020
320,1,08:35,54.550,55.200,03-12-2020
321,1,08:50,54.750,55.400,04-12-2020
322,1,08:35,54.600,55.250,05-12-2020
323,,,,,06-12-2020
324,1,08:30,54.550,55.100,07-12-2020
325,1,11:05,55.050,55.600,08-12-2020
326,1,08:45,54.950,55.500,09-12-2020
327,1,09:10,54.500,55.100,10-12-2020
328,1,08:30,54.750,55.250,11-12-2020
329,1,08:50,54.750,55.250,12-12-2020
330,,,,,13-12-2020
331,1,13:00,54.700,55.200,14-12-2020
332,1,09:40,54.650,55.150,15-12-2020
333,1,08:40,54.850,55.350,16-12-2020
334,1,08:50,55.000,55.500,17-12-2020
335,1,15:15,55.050,55.550,18-12-2020
336,,,,,19-12-2020
337,,,,,20-12-2020
338,1,08:55,55.200,55.700,21-12-2020
339,1,08:45,55.150,55.650,22-12-2020
340,1,13:55,55.000,55.500,23-12-2020
341,1,10:45,55.250,55.750,24-12-2020
342,1,08:40,55.300,55.800,25-12-2020
343,,,,,26-12-2020
344,,,,,27-12-2020
345,1,09:05,55.400,55.900,28-12-2020
346,1,10:20,55.200,55.700,29-12-2020
347,1,08:30,55.450,55.950,30-12-2020
348,1,08:35,55.550,56.100,31-12-2020
349,,,,,01-01-2021
350,1,08:50,55.600,56.150,02-01-2021
351,,,,,03-01-2021
352,1,08:45,55.800,56.350,04-01-2021
353,1,10:20,56.350,56.900,05-01-2021
354,1,09:05,56.700,57.250,06-01-2021
355,1,08:30,56.400,56.950,07-01-2021
356,1,08:30,56.200,56.700,08-01-2021
357,1,08:40,55.300,56.000,09-01-2021
358,,,,,10-01-2021
359,1,08:35,54.700,55.350,11-01-2021
360,1,08:30,55.750,56.350,12-01-2021
361,1,08:45,56.100,56.700,13-01-2021
362,1,09:05,55.900,56.500,14-01-2021
363,1,08:25,56.000,56.550,15-01-2021
364,1,08:35,55.800,56.400,16-01-2021
365,,,,,17-01-2021
366,1,08:25,55.750,56.300,18-01-2021
367,1,08:35,55.900,56.450,19-01-2021
368,1,09:35,55.850,56.400,20-01-2021
369,1,08:30,56.250,56.800,21-01-2021
370,1,10:05,55.950,56.500,22-01-2021
371,1,08:35,55.850,56.400,23-01-2021
372,,,,,24-01-2021
373,1,08:30,55.950,56.500,25-01-2021
374,1,08:25,56.050,56.550,26-01-2021
375,1,08:35,56.050,56.550,27-01-2021
376,1,08:35,56.050,56.550,28-01-2021
377,1,09:55,56.150,56.650,29-01-2021
378,1,08:35,56.200,56.700,30-01-2021
379,,,,,31-01-2021
380,1,08:40,56.300,56.800,01-02-2021
381,1,10:15,56.550,57.050,02-02-2021
382,1,09:35,56.300,56.800,03-02-2021
383,1,08:50,56.300,56.800,04-02-2021
384,1,09:45,56.100,56.650,05-02-2021
385,1,08:45,56.350,56.900,06-02-2021
386,,,,,07-02-2021
387,1,08:25,56.350,56.900,08-02-2021
388,1,08:35,56.750,57.300,09-02-2021
389,,,,,10-02-2021
390,,,,,11-02-2021
391,,,,,12-02-2021
392,,,,,13-02-2021
393,,,,,14-02-2021
394,,,,,15-02-2021
395,,,,,16-02-2021
396,1,08:40,56.450,57.000,17-02-2021
397,1,09:00,56.350,56.850,18-02-2021
398,1,08:35,55.700,56.250,19-02-2021
399,1,08:30,55.750,56.400,20-02-2021
400,1,06:55,55.650,56.350,21-02-2021
401,1,13:15,55.550,56.050,22-02-2021
402,1,09:05,56.050,56.550,23-02-2021
403,1,08:35,56.050,56.550,24-02-2021
404,1,13:20,56.050,56.500,25-02-2021
405,1,08:40,55.900,56.300,26-02-2021
406,1,07:35,55.950,56.350,27-02-2021
407,,,,,28-02-2021
408,1,08:35,55.950,56.350,01-03-2021
409,1,08:45,55.600,56.000,02-03-2021
410,1,13:15,55.750,56.150,03-03-2021
411,1,08:45,55.500,55.900,04-03-2021
412,1,10:15,55.450,55.850,05-03-2021
413,1,08:30,55.100,55.600,06-03-2021
414,,,,,07-03-2021
415,1,08:40,55.250,55.650,08-03-2021
416,1,08:35,54.870,55.300,09-03-2021
417,1,08:30,55.000,55.400,10-03-2021
418,1,08:40,55.100,55.500,11-03-2021
419,1,08:35,55.350,55.750,12-03-2021
420,1,08:35,55.350,55.850,13-03-2021
421,,,,,14-03-2021
422,1,08:55,55.450,55.850,15-03-2021
423,1,08:45,55.350,55.750,16-03-2021
424,1,08:35,55.220,55.620,17-03-2021
425,1,08:50,55.400,55.800,18-03-2021
426,1,08:25,55.000,55.400,19-03-2021
427,1,08:30,55.100,55.600,20-03-2021
428,,,,,21-03-2021
429,1,08:30,55.150,55.550,22-03-2021
430,1,09:20,55.150,55.550,23-03-2021
431,1,09:25,55.100,55.500,24-03-2021
432,1,09:05,55.100,55.500,25-03-2021
433,1,08:35,54.950,55.350,26-03-2021
434,1,08:35,54.900,55.400,27-03-2021
435,,,,,28-03-2021
436,1,08:35,54.850,55.250,29-03-2021
437,1,08:25,54.650,55.050,30-03-2021
438,1,08:30,54.250,54.650,31-03-2021
439,1,08:55,54.300,54.700,01-04-2021
440,1,08:50,54.700,55.100,02-04-2021
441,1,08:30,54.900,55.400,03-04-2021
442,,,,,04-04-2021
443,1,08:30,54.920,55.420,05-04-2021
444,1,08:30,54.800,55.200,06-04-2021
445,1,09:15,54.950,55.350,07-04-2021
446,1,08:55,54.730,55.130,08-04-2021
447,1,08:35,55.030,55.430,09-04-2021
448,1,08:35,54.800,55.250,10-04-2021
449,,,,,11-04-2021
450,1,08:35,54.750,55.150,12-04-2021
451,1,08:55,54.780,55.180,13-04-2021
452,1,08:40,54.970,55.370,14-04-2021
453,1,08:35,54.850,55.250,15-04-2021
454,1,08:45,55.100,55.480,16-04-2021
455,,,,,17-04-2021
456,,,,,18-04-2021
457,,,,,19-04-2021
458,,,,,20-04-2021
459,,,,,21-04-2021
460,,,,,22-04-2021
461,1,11:10,55.450,55.800,23-04-2021
462,1,08:35,55.150,55.650,24-04-2021
463,,,,,25-04-2021
464,1,08:40,55.200,55.550,26-04-2021
465,1,08:35,55.150,55.500,27-04-2021
466,1,08:35,55.220,55.570,28-04-2021
467,1,08:25,55.450,55.800,29-04-2021
468,,,,,30-04-2021
469,,,,,01-05-2021
470,,,,,02-05-2021
471,1,08:50,55.320,55.670,03-05-2021
472,1,08:55,55.470,55.820,04-05-2021
473,1,08:30,55.300,55.650,05-05-2021
474,1,08:35,55.380,55.730,06-05-2021
475,1,08:35,55.550,55.900,07-05-2021
476,1,08:35,55.650,56.100,08-05-2021
477,,,,,09-05-2021
478,1,08:30,55.830,56.230,10-05-2021
479,1,08:45,55.950,56.300,11-05-2021
480,1,09:00,55.800,56.150,12-05-2021
481,1,08:35,55.670,56.020,13-05-2021
482,1,08:35,55.770,56.120,14-05-2021
483,1,08:35,56.600,57.300,01-06-2021
484,1,09:05,56.850,57.450,02-06-2021
485,1,08:35,57.050,57.650,03-06-2021
486,1,08:35,56.350,57.000,04-06-2021
487,1,08:35,56.600,57.250,05-06-2021
488,,,,,06-06-2021
489,1,08:35,56.750,57.350,07-06-2021
490,1,08:30,56.900,57.500,08-06-2021
491,1,09:00,56.650,57.250,09-06-2021
492,1,08:30,56.550,57.150,10-06-2021
493,1,08:35,56.950,57.550,11-06-2021
494,1,08:35,56.700,57.300,12-06-2021
495,,,,,13-06-2021
496,1,08:45,56.600,57.200,14-06-2021
497,1,13:50,56.550,57.150,15-06-2021
498,1,08:50,56.500,57.100,16-06-2021
499,1,08:40,56.400,57.000,17-06-2021
500,1,13:20,56.150,56.750,18-06-2021
501,1,09:55,56.150,56.750,19-06-2021
502,,,,,20-06-2021
503,1,08:40,56.200,56.800,21-06-2021
504,1,13:15,56.500,57.100,22-06-2021
505,1,13:15,56.550,57.100,23-06-2021
506,1,09:00,56.500,57.050,24-06-2021
507,1,09:45,56.450,57.000,25-06-2021
508,1,08:35,56.500,57.100,26-06-2021
509,,,,,27-06-2021
510,1,09:00,56.550,57.050,28-06-2021
511,1,09:25,56.450,56.950,29-06-2021
512,1,10:40,56.250,56.850,30-06-2021
513,1,08:35,56.300,56.900,01-07-2021
514,1,08:30,56.350,56.950,02-07-2021
515,1,08:30,56.600,57.200,03-07-2021
516,,,,,04-07-2021
517,1,10:50,56.650,57.250,05-07-2021
518,1,09:10,56.750,57.350,06-07-2021
519,1,09:15,56.800,57.400,07-07-2021
520,1,14:25,56.850,57.450,08-07-2021
521,1,09:20,56.900,57.600,09-07-2021
522,1,08:35,56.750,57.500,10-07-2021
523,,,,,11-07-2021
524,1,08:55,56.750,57.500,12-07-2021
525,1,08:45,56.600,57.350,13-07-2021
526,1,08:30,56.650,57.400,14-07-2021
527,1,08:35,56.850,57.600,15-07-2021
528,1,08:35,56.750,57.500,16-07-2021
529,1,08:50,56.750,57.500,17-07-2021
530,,,,,18-07-2021
531,1,08:25,56.900,57.550,19-07-2021
532,1,08:40,56.900,57.550,20-07-2021
533,1,08:40,56.800,57.450,21-07-2021
534,1,08:40,56.800,57.450,22-07-2021
535,1,08:35,56.850,57.500,23-07-2021
536,1,08:35,56.850,57.500,24-07-2021
537,,,,,25-07-2021
538,1,08:25,56.800,57.450,26-07-2021
539,1,08:20,56.600,57.300,27-07-2021
540,1,08:20,56.500,57.200,28-07-2021
541,1,08:25,56.650,57.350,29-07-2021
542,1,08:30,56.700,57.400,30-07-2021
543,1,08:25,56.550,57.200,31-07-2021
544,,,,,01-08-2021
545,1,08:35,56.500,57.200,02-08-2021
546,1,10:30,56.600,57.300,03-08-2021
547,1,08:35,56.650,57.350,04-08-2021
548,1,08:20,56.550,57.250,05-08-2021
549,1,08:30,56.550,57.250,06-08-2021
550,1,08:30,56.300,57.000,07-08-2021
551,,,,,08-08-2021
552,1,08:55,56.300,57.000,09-08-2021
553,1,08:40,56.250,56.950,10-08-2021
554,1,08:20,56.200,56.900,11-08-2021
555,1,08:50,56.400,57.100,12-08-2021
556,1,08:35,56.400,57.100,13-08-2021
557,1,08:30,56.550,57.250,14-08-2021
558,,,,,15-08-2021
559,,,,,16-08-2021
560,1,08:25,56.650,57.350,17-08-2021
561,,,,,18-08-2021
562,1,08:25,56.550,57.250,19-08-2021
563,1,08:45,56.450,57.150,20-08-2021
564,,,,,21-08-2021
565,,,,,22-08-2021
566,1,12:00,56.400,57.100,23-08-2021
567,1,08:25,56.500,57.200,24-08-2021
568,1,08:25,56.450,57.150,25-08-2021
569,1,08:30,56.350,57.050,26-08-2021
570,1,08:30,56.400,57.100,27-08-2021
571,1,08:55,56.450,57.150,28-08-2021
572,,,,,29-08-2021
573,1,08:35,56.600,57.300,30-08-2021
574,1,08:35,56.700,57.400,31-08-2021
575,,,,,01-09-2021
576,,,,,02-09-2021
577,1,08:35,56.650,57.350,03-09-2021
578,1,08:35,56.750,57.450,04-09-2021
579,,,,,05-09-2021
580,,,,,06-09-2021
581,,,,,07-09-2021
582,1,08:30,56.500,57.200,08-09-2021
583,1,08:30,56.550,57.250,09-09-2021
584,1,08:30,56.600,57.300,10-09-2021
585,1,08:40,56.600,57.300,11-09-2021
586,,,,,12-09-2021
587,,,,,13-09-2021
588,1,08:20,56.550,57.250,14-09-2021
589,1,08:40,56.650,57.350,15-09-2021
590,1,14:20,56.500,57.200,16-09-2021
591,1,08:50,55.900,56.600,17-09-2021
592,,,,,18-09-2021
593,,,,,19-09-2021
594,1,08:20,56.150,56.800,20-09-2021
595,1,08:15,56.450,57.100,21-09-2021
596,1,08:25,56.500,57.150,22-09-2021
597,1,08:25,56.700,57.350,23-09-2021
598,1,08:20,56.400,57.050,24-09-2021
599,1,08:30,56.350,57.000,25-09-2021
600,,,,,26-09-2021
601,1,08:35,56.350,57.000,27-09-2021
602,1,08:30,56.450,57.100,28-09-2021
603,1,08:25,56.350,56.950,29-09-2021
604,1,08:25,56.250,56.850,30-09-2021
605,1,08:35,56.600,57.200,01-10-2021
606,1,08:30,56.550,57.150,02-10-2021
607,,,,,03-10-2021
608,1,08:45,56.650,57.350,04-10-2021
609,1,09:20,56.750,57.450,05-10-2021
610,1,09:20,56.700,57.400,06-10-2021
611,1,09:25,56.800,57.500,07-10-2021
612,1,08:30,57.100,57.800,08-10-2021
613,1,08:30,57.100,57.800,09-10-2021
614,,,,,10-10-2021
615,1,08:35,57.250,57.950,11-10-2021
616,1,10:30,57.300,58.000,12-10-2021
617,1,08:40,57.400,58.100,13-10-2021
618,1,08:45,57.550,58.250,14-10-2021
619,1,08:45,57.300,58.000,15-10-2021
620,1,08:35,57.100,57.800,16-10-2021
621,,,,,17-10-2021
622,1,08:45,57.050,57.750,18-10-2021
623,1,08:55,57.150,57.850,19-10-2021
624,1,08:40,57.250,57.950,20-10-2021
625,1,08:40,57.550,58.250,21-10-2021
626,1,09:30,57.400,58.100,22-10-2021
627,1,08:35,57.550,58.250,23-10-2021
628,,,,,24-10-2021
629,1,09:05,57.550,58.250,25-10-2021
630,1,08:35,57.700,58.400,26-10-2021
631,1,08:35,57.850,58.550,27-10-2021
632,1,09:30,58.000,58.700,28-10-2021
633,1,08:55,57.750,58.450,29-10-2021
634,1,08:40,57.750,58.450,30-10-2021
635,,,,,31-10-2021
636,1,13:30,57.750,58.450,01-11-2021
637,1,08:40,57.650,58.350,02-11-2021
638,1,09:00,57.800,58.500,03-11-2021
639,1,08:35,57.800,58.500,04-11-2021
640,1,08:35,57.950,58.650,05-11-2021
641,1,08:40,58.100,58.800,06-11-2021
642,,,,,07-11-2021
643,1,08:35,58.200,58.900,08-11-2021
644,1,09:35,58.400,59.100,09-11-2021
645,1,08:40,58.700,59.400,10-11-2021
646,1,08:35,58.950,59.650,11-11-2021
647,1,08:35,59.500,60.200,12-11-2021
648,1,10:05,60.050,60.750,13-11-2021
649,,,,,14-11-2021
650,1,08:40,59.950,60.650,15-11-2021
651,1,09:05,60.250,60.950,16-11-2021
652,1,08:40,60.800,61.550,17-11-2021
653,1,08:35,61.300,62.050,18-11-2021
654,1,08:40,61.050,61.800,19-11-2021
655,1,08:45,59.400,60.500,20-11-2021
656,,,,,21-11-2021
657,1,08:20,59.500,60.200,22-11-2021
658,1,08:35,58.600,59.450,23-11-2021
659,1,08:50,59.150,59.950,24-11-2021
660,1,08:30,59.450,60.150,25-11-2021
661,1,08:35,59.550,60.250,26-11-2021
662,1,09:25,60.000,60.850,27-11-2021
663,,,,,28-11-2021
664,1,08:40,60.200,60.900,29-11-2021
665,1,08:35,59.750,60.450,30-11-2021
666,1,09:20,59.750,60.450,01-12-2021
667,1,09:40,60.600,60.700,02-12-2021
668,1,10:15,59.950,60.650,03-12-2021
669,1,08:35,60.200,61.050,04-12-2021
670,1,10:15,60.400,61.100,05-12-2021
671,1,08:40,60.550,61.250,06-12-2021
672,1,08:35,60.750,61.450,07-12-2021
673,1,08:30,60.700,61.400,08-12-2021
674,1,09:15,60.250,60.950,09-12-2021
675,1,08:35,60.500,61.200,10-12-2021
676,1,08:35,60.650,61.450,11-12-2021
677,,,,,12-12-2021
678,1,08:35,60.800,61.500,13-12-2021
679,1,09:00,60.900,61.600,14-12-2021
680,1,08:30,60.800,61.500,15-12-2021
681,1,08:30,60.850,61.550,16-12-2021
682,1,08:45,60.900,61.600,17-12-2021
683,1,08:40,61.000,61.700,18-12-2021
684,,,,,19-12-2021
685,1,08:30,60.950,61.650,20-12-2021
686,1,13:30,60.900,61.600,21-12-2021
687,1,08:35,60.850,61.550,22-12-2021
688,1,09:00,61.050,61.750,23-12-2021
689,1,08:30,60.850,61.550,24-12-2021
690,1,08:35,60.900,61.600,25-12-2021
691,,,,,26-12-2021
692,1,08:30,60.850,61.550,27-12-2021
693,1,12:55,60.850,61.550,28-12-2021
694,1,08:30,60.800,61.500,29-12-2021
695,1,09:00,60.600,61.300,30-12-2021
696,1,08:35,60.750,61.450,31-12-2021
697,,,,,01-01-2022
698,,,,,02-01-2022
699,1,08:35,61.050,61.800,03-01-2022
700,1,09:00,60.800,61.500,04-01-2022
701,1,08:35,60.900,61.600,05-01-2022
702,1,08:50,60.950,61.650,06-01-2022
703,1,08:35,60.720,61.420,07-01-2022
704,1,09:25,60.950,61.700,08-01-2022
705,,,,,09-01-2022
706,1,08:55,60.950,61.650,10-01-2022
707,1,09:20,61.020,61.670,11-01-2022
708,1,08:55,61.050,61.700,12-01-2022
709,1,08:40,61.000,61.650,13-01-2022
710,1,10:20,61.050,61.700,14-01-2022
711,1,08:40,60.950,61.650,15-01-2022
712,,,,,16-01-2022
713,1,10:00,61.050,61.650,17-01-2022
714,1,10:35,61.100,61.700,18-01-2022
715,1,08:40,61.100,61.700,19-01-2022
716,1,08:45,61.300,61.900,20-01-2022
717,1,09:05,61.100,61.700,21-01-2022
718,1,09:00,61.150,61.850,22-01-2022
719,,,,,23-01-2022
720,1,08:35,61.250,61.900,24-01-2022
721,1,08:50,61.750,62.400,25-01-2022
722,1,09:40,61.900,62.550,26-01-2022
723,1,09:15,61.700,62.300,27-01-2022
724,1,08:45,61.900,62.600,28-01-2022
725,,,,,29-01-2022
726,,,,,30-01-2022
727,,,,,31-01-2022
728,,,,,01-02-2022
729,,,,,02-02-2022
730,,,,,03-02-2022
731,,,,,04-02-2022
732,,,,,05-02-2022
733,,,,,06-02-2022
734,1,09:10,62.450,63.150,07-02-2022
735,1,08:40,62.800,63.450,08-02-2022
736,1,08:35,61.850,62.600,09-02-2022
737,1,07:00,61.350,62.150,10-02-2022
738,1,08:35,61.050,61.750,11-02-2022
739,1,08:40,62.000,62.800,12-02-2022
740,,,,,13-02-2022
741,1,08:45,62.050,62.750,14-02-2022
742,1,09:10,62.500,63.200,15-02-2022
743,1,08:30,62.150,62.850,16-02-2022
744,1,08:40,62.500,63.100,17-02-2022
745,1,08:35,62.800,63.500,18-02-2022
746,1,08:30,62.500,63.200,19-02-2022
747,,,,,20-02-2022
748,1,08:45,62.600,63.200,21-02-2022
749,1,08:30,62.950,63.550,22-02-2022
750,1,08:35,63.150,63.750,23-02-2022
751,1,08:55,63.550,64.250,24-02-2022
752,1,08:40,65.500,66.400,25-02-2022
753,1,09:05,64.000,65.400,26-02-2022
754,,,,,27-02-2022
755,1,08:50,65.100,66.000,28-02-2022
756,1,08:35,65.250,66.000,01-03-2022
757,1,08:35,66.000,66.800,02-03-2022
758,1,08:45,66.550,67.300,03-03-2022
759,1,08:55,66.800,67.550,04-03-2022
760,1,08:45,67.250,68.400,05-03-2022
761,1,14:45,68.100,68.900,06-03-2022
762,1,08:40,68.900,70.100,07-03-2022
763,1,08:40,71.800,73.400,08-03-2022
764,1,08:15,70.200,72.000,09-03-2022
765,1,08:35,66.300,68.100,10-03-2022
766,1,08:35,67.900,69.700,11-03-2022
767,1,08:30,68.400,70.200,12-03-2022
768,,,,,13-03-2022
769,1,08:25,68.000,69.800,14-03-2022
770,1,08:35,67.200,68.400,15-03-2022
771,1,08:40,67.300,68.600,16-03-2022
772,1,08:40,67.200,68.400,17-03-2022
773,1,08:50,67.800,68.800,18-03-2022
774,1,09:45,67.700,68.900,19-03-2022
775,,,,,20-03-2022
776,1,09:10,67.900,68.900,21-03-2022
777,1,08:45,67.950,68.850,22-03-2022
778,1,08:30,67.800,68.500,23-03-2022
779,1,08:30,68.100,68.800,24-03-2022
780,1,08:40,68.400,69.100,25-03-2022
781,1,08:35,68.600,69.350,26-03-2022
782,,,,,27-03-2022
783,1,08:35,68.900,69.600,28-03-2022
784,1,09:45,68.650,69.350,29-03-2022
785,1,08:30,68.500,69.200,30-03-2022
786,1,10:05,68.150,68.850,31-03-2022
787,1,08:30,68.300,69.000,01-04-2022
788,1,08:45,68.300,69.050,02-04-2022
789,,,,,03-04-2022
790,1,08:35,68.250,68.950,04-04-2022
791,1,09:05,68.300,68.950,05-04-2022
792,1,08:25,68.100,68.750,06-04-2022
793,1,08:30,68.100,68.750,07-04-2022
794,1,10:00,68.250,68.900,08-04-2022
795,1,08:35,68.600,69.400,09-04-2022
796,,,,,10-04-2022
797,,,,,11-04-2022
798,1,08:35,68.900,69.550,12-04-2022
799,1,08:35,69.050,69.650,13-04-2022
800,1,08:50,69.250,69.850,14-04-2022
801,1,08:30,69.000,69.600,15-04-2022
802,1,10:25,69.150,69.800,16-04-2022
803,,,,,17-04-2022
804,1,08:35,69.350,69.950,18-04-2022
805,1,08:50,69.750,70.550,19-04-2022
806,1,08:55,69.550,70.250,20-04-2022
807,1,08:35,69.550,70.250,21-04-2022
808,1,13:15,69.850,70.550,22-04-2022
809,1,08:30,69.600,70.400,23-04-2022
810,,,,,24-04-2022
811,1,08:35,69.500,70.200,25-04-2022
812,1,08:35,69.400,70.100,26-04-2022
813,1,10:25,69.400,70.100,27-04-2022
814,1,08:45,69.300,70.000,28-04-2022
815,1,08:35,69.550,70.150,29-04-2022
816,,,,,30-04-2022
817,,,,,01-05-2022
818,,,,,02-05-2022
819,1,08:40,69.200,69.950,03-05-2022
820,1,08:35,69.250,69.950,04-05-2022
821,1,08:40,69.650,70.350,05-05-2022
822,1,08:40,69.500,70.200,06-05-2022
823,,,,,07-05-2022
824,,,,,08-05-2022
825,1,08:45,69.700,70.400,09-05-2022
826,1,10:55,69.550,70.300,10-05-2022
827,1,08:30,69.250,69.950,11-05-2022
828,1,08:50,69.650,70.250,12-05-2022
829,1,08:35,69.550,70.150,13-05-2022
830,1,08:30,68.700,69.700,14-05-2022
831,1,08:45,68.200,69.200,01-06-2022
832,1,08:50,68.550,69.450,02-06-2022
833,1,08:30,68.800,69.700,03-06-2022
834,1,08:25,68.750,69.650,04-06-2022
835,,,,,05-06-2022
836,1,08:30,68.650,69.550,06-06-2022
837,1,09:30,68.550,69.450,07-06-2022
838,1,08:40,68.850,69.750,08-06-2022
839,1,08:30,68.800,69.700,09-06-2022
840,1,08:40,68.700,69.600,10-06-2022
841,1,08:35,68.750,69.650,11-06-2022
842,,,,,12-06-2022
843,1,08:30,68.450,69.350,13-06-2022
844,1,08:50,67.550,68.350,14-06-2022
845,1,08:45,67.500,68.300,15-06-2022
846,1,08:50,67.750,68.550,16-06-2022
847,1,08:35,67.950,68.750,17-06-2022
848,1,08:40,67.850,68.650,18-06-2022
849,,,,,19-06-2022
850,1,09:55,67.900,68.700,20-06-2022
851,1,08:35,67.950,68.750,21-06-2022
852,1,08:40,67.850,68.650,22-06-2022
853,1,08:40,67.850,68.650,23-06-2022
854,1,08:30,67.800,68.600,24-06-2022
855,1,09:45,67.850,68.650,25-06-2022
856,,,,,26-06-2022
857,,,,,27-06-2022
858,,,,,28-06-2022
859,,,,,29-06-2022
860,,,,,30-06-2022
861,,,,,01-07-2022
862,,,,,02-07-2022
863,,,,,03-07-2022
864,,,,,04-07-2022
865,,,,,05-07-2022
866,,,,,06-07-2022
867,1,09:20,67.650,68.250,07-07-2022
868,1,08:55,67.900,68.500,08-07-2022
869,1,09:40,67.950,68.550,09-07-2022
870,,,,,10-07-2022
871,1,10:10,67.900,68.500,11-07-2022
872,1,08:50,67.600,68.200,12-07-2022
873,1,08:30,67.600,68.200,13-07-2022
874,1,09:00,67.650,68.250,14-07-2022
875,1,08:25,67.550,68.150,15-07-2022
876,1,09:20,67.350,67.950,16-07-2022
877,,,,,17-07-2022
878,1,08:30,67.150,67.750,18-07-2022
879,1,08:50,62.000,64.450,19-07-2022
880,1,08:35,63.300,65.300,20-07-2022
881,1,08:35,63.300,65.300,21-07-2022
882,1,09:15,64.300,66.300,22-07-2022
883,1,08:35,64.900,66.400,23-07-2022
884,,,,,24-07-2022
885,1,08:35,64.700,66.200,25-07-2022
886,1,08:50,65.300,66.300,26-07-2022
887,1,08:35,65.100,66.100,27-07-2022
888,1,08:35,65.300,66.300,28-07-2022
889,1,08:40,65.200,66.200,29-07-2022
890,1,09:15,65.800,66.800,30-07-2022
891,,,,,31-07-2022
892,1,08:30,66.300,67.300,01-08-2022
893,1,08:30,67.400,68.400,02-08-2022
894,1,08:35,67.200,68.200,03-08-2022
895,1,08:35,66.000,67.000,04-08-2022
896,1,08:35,66.900,67.900,05-08-2022
897,1,08:30,66.300,67.300,06-08-2022
898,,,,,07-08-2022
899,1,08:25,66.300,67.300,08-08-2022
900,1,08:40,66.400,67.400,09-08-2022
901,1,10:35,66.100,67.100,10-08-2022
902,1,09:15,65.900,66.900,11-08-2022
903,1,10:50,66.200,67.200,12-08-2022
904,1,09:00,66.500,67.500,13-08-2022
905,,,,,14-08-2022
906,1,08:30,66.400,67.400,15-08-2022
907,1,08:35,65.900,66.900,16-08-2022
908,1,08:50,66.000,67.000,17-08-2022
909,1,14:25,66.100,67.100,18-08-2022
910,1,08:55,66.100,67.100,19-08-2022
911,1,08:35,66.200,67.200,20-08-2022
912,,,,,21-08-2022
913,1,13:25,66.100,67.100,22-08-2022
914,1,08:40,66.000,67.000,23-08-2022
915,1,08:25,66.100,67.100,24-08-2022
916,1,08:50,66.300,67.100,25-08-2022
917,1,10:35,66.000,66.800,26-08-2022
918,1,08:55,66.100,66.900,27-08-2022
919,,,,,28-08-2022
920,1,08:45,65.900,66.700,29-08-2022
921,1,08:35,65.900,66.700,30-08-2022
922,1,08:35,65.800,66.600,31-08-2022
923,1,09:00,65.850,66.650,01-09-2022
924,,,,,02-09-2022
925,1,08:40,65.700,66.700,03-09-2022
926,,,,,04-09-2022
927,1,13:20,65.850,66.650,05-09-2022
928,1,08:30,66.000,66.800,06-09-2022
929,1,13:25,65.900,66.700,07-09-2022
930,1,08:40,66.200,67.000,08-09-2022
931,1,11:30,66.100,66.900,09-09-2022
932,1,08:35,66.150,66.950,10-09-2022
933,,,,,11-09-2022
934,1,09:30,66.100,66.900,12-09-2022
935,1,08:30,66.200,67.000,13-09-2022
936,1,10:15,66.050,66.850,14-09-2022
937,1,10:40,66.050,66.850,15-09-2022
938,1,09:15,65.700,66.500,16-09-2022
939,1,08:35,65.850,66.650,17-09-2022
940,,,,,18-09-2022
941,1,09:20,65.800,66.600,19-09-2022
942,1,08:35,65.800,66.600,20-09-2022
943,1,13:20,65.850,66.650,21-09-2022
944,1,10:45,65.850,66.650,22-09-2022
945,1,08:35,65.850,66.650,23-09-2022
946,1,08:40,65.750,66.550,24-09-2022
947,,,,,25-09-2022
948,1,08:30,65.650,66.450,26-09-2022
949,1,08:35,65.550,66.350,27-09-2022
950,1,08:35,64.200,65.200,28-09-2022
951,1,08:35,64.700,65.700,29-09-2022
952,1,09:10,64.750,65.750,30-09-2022
953,1,08:40,65.200,66.200,01-10-2022
954,,,,,02-10-2022
955,1,09:20,65.500,66.500,03-10-2022
956,1,08:15,65.200,66.200,04-10-2022
957,1,08:35,65.450,66.450,05-10-2022
958,1,08:35,65.300,66.300,06-10-2022
959,1,08:40,64.700,65.700,07-10-2022
960,1,08:35,64.800,65.800,08-10-2022
961,,,,,09-10-2022
962,1,08:40,65.600,66.600,10-10-2022
963,1,08:35,66.100,67.100,11-10-2022
964,1,08:30,66.000,67.000,12-10-2022
965,1,08:25,65.900,66.900,13-10-2022
966,1,09:00,66.000,67.000,14-10-2022
967,1,08:20,66.200,67.200,15-10-2022
968,,,,,16-10-2022
969,1,10:15,66.000,67.000,17-10-2022
970,1,08:35,65.900,66.900,18-10-2022
971,1,09:40,66.200,67.200,19-10-2022
972,1,08:20,66.000,67.000,20-10-2022
973,1,08:40,66.300,67.300,21-10-2022
974,1,08:35,66.300,67.300,22-10-2022
975,,,,,23-10-2022
976,1,08:35,66.500,67.500,24-10-2022
977,1,08:30,66.300,67.300,25-10-2022
978,1,08:35,66.300,67.300,26-10-2022
979,1,09:35,66.300,67.300,27-10-2022
980,1,13:50,66.200,67.200,28-10-2022
981,1,08:40,66.000,67.000,29-10-2022
982,,,,,30-10-2022
983,1,14:20,66.100,67.100,31-10-2022
984,1,08:50,66.000,67.000,01-11-2022
985,1,08:35,66.150,67.150,02-11-2022
986,1,14:55,66.100,67.100,03-11-2022
987,1,14:55,66.200,67.200,04-11-2022
988,1,08:30,66.700,67.700,05-11-2022
989,,,,,06-11-2022
990,1,08:35,66.500,67.500,07-11-2022
991,1,11:05,66.200,67.200,08-11-2022
992,1,08:45,66.500,67.500,09-11-2022
993,1,08:10,66.500,67.500,10-11-2022
994,1,08:35,66.600,67.600,11-11-2022
995,1,08:30,66.600,67.600,12-11-2022
996,,,,,13-11-2022
997,1,08:30,66.500,67.500,14-11-2022
998,1,08:30,66.500,67.500,15-11-2022
999,1,08:25,66.700,67.700,16-11-2022
1000,1,08:50,66.700,67.700,17-11-2022
1001,1,11:35,66.700,67.700,18-11-2022
1002,1,09:15,66.500,67.500,19-11-2022
1003,,,,,20-11-2022
1004,1,08:25,66.600,67.600,21-11-2022
1005,1,09:00,66.450,67.450,22-11-2022
1006,1,14:50,66.400,67.400,23-11-2022
1007,1,14:55,66.600,67.600,24-11-2022
1008,1,08:30,66.600,67.600,25-11-2022
1009,1,08:30,66.700,67.700,26-11-2022
1010,,,,,27-11-2022
1011,1,09:25,66.600,67.400,28-11-2022
1012,1,08:30,66.650,67.450,29-11-2022
1013,1,08:40,66.400,67.200,30-11-2022
1014,1,08:30,66.650,67.450,01-12-2022
1015,1,09:10,66.600,67.400,02-12-2022
1016,1,08:35,66.150,66.950,03-12-2022
1017,,,,,04-12-2022
1018,1,08:15,66.150,66.950,05-12-2022
1019,1,08:30,66.250,67.050,06-12-2022
1020,1,09:20,66.350,67.150,07-12-2022
1021,1,09:10,66.250,67.050,08-12-2022
1022,1,08:35,66.600,67.400,09-12-2022
1023,1,08:30,66.300,67.100,10-12-2022
1024,,,,,11-12-2022
1025,1,08:25,66.450,67.250,12-12-2022
1026,1,09:35,66.350,67.150,13-12-2022
1027,1,08:35,66.550,67.350,14-12-2022
1028,1,08:55,66.100,66.900,15-12-2022
1029,1,08:30,66.000,66.800,16-12-2022
1030,1,08:30,66.100,66.900,17-12-2022
1031,,,,,18-12-2022
1032,1,10:15,66.200,67.000,19-12-2022
1033,1,08:30,66.200,67.000,20-12-2022
1034,1,08:25,66.400,67.200,21-12-2022
1035,1,09:35,66.150,66.950,22-12-2022
1036,1,08:30,66.100,66.900,23-12-2022
1037,1,10:30,66.100,66.900,24-12-2022
1038,,,,,25-12-2022
1039,1,09:45,66.200,67.000,26-12-2022
1040,1,08:40,66.100,66.900,27-12-2022
1041,1,09:05,65.900,66.700,28-12-2022
1042,1,08:50,65.900,66.700,29-12-2022
1043,1,08:30,65.900,66.700,30-12-2022
1044,1,08:30,65.900,66.700,31-12-2022
1045,,,,,01-01-2023
1046,,,,,02-01-2023
1047,1,09:45,66.200,67.000,03-01-2023
1048,1,08:35,66.300,67.100,04-01-2023
1049,1,08:40,66.450,67.250,05-01-2023
1050,1,08:55,66.100,66.900,06-01-2023
1051,1,08:35,66.450,67.250,07-01-2023
1052,,,,,08-01-2023
1053,1,08:55,66.450,67.250,09-01-2023
1054,1,08:40,66.000,66.800,10-01-2023
1055,1,10:25,66.100,66.900,11-01-2023
1056,1,11:10,66.150,66.950,12-01-2023
1057,1,08:30,66.200,67.000,13-01-2023
1058,1,08:35,66.400,67.400,14-01-2023
1059,,,,,15-01-2023
1060,1,08:25,66.400,67.400,16-01-2023
1061,1,08:40,66.350,67.150,17-01-2023
1062,1,11:15,66.700,67.500,18-01-2023
1063,1,10:50,66.700,67.700,19-01-2023
1064,,,,,20-01-2023
1065,,,,,21-01-2023
1066,,,,,22-01-2023
1067,,,,,23-01-2023
1068,,,,,24-01-2023
1069,,,,,25-01-2023
1070,,,,,26-01-2023
1071,1,08:40,67.200,68.200,27-01-2023
1072,1,08:35,67.600,68.600,28-01-2023
1073,1,09:20,67.300,68.300,29-01-2023
1074,1,08:20,67.200,68.200,30-01-2023
1075,1,06:35,66.300,67.700,31-01-2023
1076,1,13:50,66.500,67.300,01-02-2023
1077,1,08:30,66.600,67.400,02-02-2023
1078,1,08:35,66.700,67.500,03-02-2023
1079,1,08:50,66.200,67.200,04-02-2023
1080,,,,,05-02-2023
1081,1,11:55,66.500,67.300,06-02-2023
1082,1,09:00,66.400,67.200,07-02-2023
1083,1,08:30,66.550,67.350,08-02-2023
1084,1,08:25,66.550,67.350,09-02-2023
1085,1,08:20,66.550,67.350,10-02-2023
1086,1,08:30,66.550,67.350,11-02-2023
1087,,,,,12-02-2023
1088,1,08:20,66.600,67.400,13-02-2023
1089,1,08:30,66.400,67.200,14-02-2023
1090,1,10:05,66.500,67.300,15-02-2023
1091,1,08:35,66.400,67.200,16-02-2023
1092,1,08:45,66.350,67.150,17-02-2023
1093,1,08:55,66.350,67.150,18-02-2023
1094,,,,,19-02-2023
1095,1,09:30,66.300,67.100,20-02-2023
1096,1,08:30,66.300,67.100,21-02-2023
1097,1,08:30,66.300,67.100,22-02-2023
1098,1,08:20,66.300,67.100,23-02-2023
1099,1,08:35,66.250,66.950,24-02-2023
1100,1,08:35,66.100,66.900,25-02-2023
1101,,,,,26-02-2023
1102,1,09:00,66.100,66.800,27-02-2023
1103,1,09:00,66.150,66.850,28-02-2023
1104,,,,,01-03-2023
1105,1,12:37,66.150,66.850,02-03-2023
1106,1,08:20,66.150,66.850,03-03-2023
1107,1,08:30,66.200,66.900,04-03-2023
1108,,,,,05-03-2023
1109,1,08:25,66.200,66.900,06-03-2023
1110,1,08:30,66.050,66.750,07-03-2023
1111,1,08:30,66.000,66.700,08-03-2023
1112,1,08:25,65.850,66.550,09-03-2023
1113,1,08:25,65.850,66.550,10-03-2023
1114,1,08:25,65.850,66.550,11-03-2023
1115,,,,,12-03-2023
1116,1,08:25,66.000,66.800,13-03-2023
1117,1,08:45,66.350,67.050,14-03-2023
1118,1,08:30,66.150,66.850,15-03-2023
1119,1,08:25,65.950,66.650,16-03-2023
1120,1,09:05,66.450,67.150,17-03-2023
1121,1,08:35,66.850,67.750,18-03-2023
1122,,,,,19-03-2023
1123,1,08:20,66.600,67.500,20-03-2023
1124,1,09:00,66.750,67.450,21-03-2023
1125,1,08:30,66.600,67.300,22-03-2023
1126,1,08:30,66.450,67.150,23-03-2023
1127,1,08:30,66.650,67.350,24-03-2023
1128,1,08:30,66.650,67.350,25-03-2023
1129,,,,,26-03-2023
1130,1,08:20,66.600,67.300,27-03-2023
1131,1,09:05,66.650,67.350,28-03-2023
1132,1,09:25,66.500,67.200,29-03-2023
1133,1,08:30,66.450,67.150,30-03-2023
1134,1,08:30,66.300,66.900,31-03-2023
1135,1,08:30,66.450,67.050,01-04-2023
1136,,,,,02-04-2023
1137,1,10:00,66.300,66.900,03-04-2023
1138,1,08:35,66.600,67.200,04-04-2023
1139,1,08:30,66.450,67.050,05-04-2023
1140,1,08:30,66.500,67.100,06-04-2023
1141,1,08:25,66.450,67.050,07-04-2023
1142,1,08:30,66.400,67.100,08-04-2023
1143,,,,,09-04-2023
1144,1,08:30,66.400,67.000,10-04-2023
1145,1,08:35,66.400,67.000,11-04-2023
1146,1,08:45,66.400,67.000,12-04-2023
1147,1,09:25,66.400,67.000,13-04-2023
1148,1,08:30,66.700,67.300,14-04-2023
1149,1,08:30,66.300,67.000,15-04-2023
1150,,,,,16-04-2023
1151,1,08:45,66.350,66.950,17-04-2023
1152,1,09:00,66.500,67.100,18-04-2023
1153,1,10:05,66.450,67.050,19-04-2023
1154,1,08:25,66.350,66.950,20-04-2023
1155,1,13:35,66.450,67.050,21-04-2023
1156,1,08:30,66.350,66.950,22-04-2023
1157,,,,,23-04-2023
1158,1,13:45,66.450,67.050,24-04-2023
1159,1,10:25,66.450,67.050,25-04-2023
1160,1,13:35,66.450,67.050,26-04-2023
1161,1,08:25,66.550,67.150,27-04-2023
1162,1,08:35,66.500,67.100,28-04-2023
1163,,,,,29-04-2023
1164,,,,,30-04-2023
1165,,,,,01-05-2023
1166,,,,,02-05-2023
1167,1,08:30,66.600,67.200,03-05-2023
1168,1,08:40,66.700,67.300,04-05-2023
1169,1,08:40,66.650,67.250,05-05-2023
1170,1,08:20,66.500,67.100,06-05-2023
1171,,,,,07-05-2023
1172,1,08:25,66.350,67.050,08-05-2023
1173,1,08:30,66.500,67.100,09-05-2023
1174,1,08:30,66.650,67.250,10-05-2023
1175,1,08:25,66.500,67.100,11-05-2023
1176,1,08:25,66.650,67.250,12-05-2023
1177,1,08:25,66.550,67.250,13-05-2023
1178,,,,,14-05-2023
1179,1,08:50,66.500,67.100,01-06-2023
1180,1,08:30,66.400,67.000,02-06-2023
1181,1,08:25,66.450,67.050,03-06-2023
1182,,,,,04-06-2023
1183,1,15:05,66.400,67.000,05-06-2023
1184,1,08:30,66.550,67.150,06-06-2023
1185,1,13:20,66.400,67.000,07-06-2023
1186,1,08:40,66.350,66.950,08-06-2023
1187,1,08:30,66.400,67.000,09-06-2023
1188,1,08:25,66.500,67.100,10-06-2023
1189,,,,,11-06-2023
1190,1,09:15,66.500,67.100,12-06-2023
1191,1,09:05,66.500,67.100,13-06-2023
1192,1,08:30,66.400,67.000,14-06-2023
1193,1,08:25,66.550,67.150,15-06-2023
1194,1,08:30,66.600,67.200,16-06-2023
1195,1,08:25,66.550,67.150,17-06-2023
1196,,,,,18-06-2023
1197,1,09:00,66.500,67.100,19-06-2023
1198,1,08:25,66.450,67.050,20-06-2023
1199,1,08:25,66.500,67.100,21-06-2023
1200,1,09:35,66.450,67.050,22-06-2023
1201,1,08:55,66.400,67.000,23-06-2023
1202,1,08:30,66.500,67.100,24-06-2023
1203,,,,,25-06-2023
1204,1,08:35,66.500,67.100,26-06-2023
1205,1,08:30,66.350,66.950,27-06-2023
1206,1,14:15,66.350,66.950,28-06-2023
1207,1,10:05,66.400,67.000,29-06-2023
1208,1,13:35,66.400,67.000,30-06-2023
1209,1,08:15,66.350,66.950,01-07-2023
1210,,,,,02-07-2023
1211,1,08:30,66.400,67.000,03-07-2023
1212,1,09:05,66.450,67.050,04-07-2023
1213,1,08:20,66.500,67.100,05-07-2023
1214,1,13:35,66.350,66.950,06-07-2023
1215,1,08:25,66.450,67.050,07-07-2023
1216,1,08:30,66.450,67.150,08-07-2023
1217,,,,,09-07-2023
1218,1,08:30,66.450,67.050,10-07-2023
1219,1,10:25,66.500,67.100,11-07-2023
1220,1,09:25,66.600,67.200,12-07-2023
1221,1,09:15,66.650,67.250,13-07-2023
1222,1,10:55,66.750,67.350,14-07-2023
1223,1,08:40,66.500,67.200,15-07-2023
1224,,,,,16-07-2023
1225,1,08:30,66.600,67.200,17-07-2023
1226,,,,,18-07-2023
1227,1,08:30,66.650,67.250,19-07-2023
1228,1,08:35,66.600,67.200,20-07-2023
1229,1,08:40,66.550,67.150,21-07-2023
1230,1,08:00,66.400,67.100,22-07-2023
1231,,,,,23-07-2023
1232,1,13:55,66.450,67.050,24-07-2023
1233,1,08:50,66.550,67.150,25-07-2023
1234,1,13:20,66.500,67.100,26-07-2023
1235,1,11:05,66.600,67.200,27-07-2023
1236,1,11:20,66.600,67.200,28-07-2023
1237,1,08:35,66.550,67.250,29-07-2023
1238,,,,,30-07-2023
1239,1,08:30,66.600,67.200,31-07-2023
1240,1,09:00,66.700,67.300,01-08-2023
1241,1,08:30,66.700,67.300,02-08-2023
1242,1,08:30,66.600,67.200,03-08-2023
1243,1,08:30,66.650,67.250,04-08-2023
1244,1,08:30,66.600,67.200,05-08-2023
1245,,,,,06-08-2023
1246,1,10:05,66.700,67.300,07-08-2023
1247,1,13:30,66.750,67.350,08-08-2023
1248,1,08:40,66.700,67.300,09-08-2023
1249,1,08:30,66.650,67.250,10-08-2023
1250,1,10:05,66.700,67.300,11-08-2023
1251,1,08:35,66.800,67.500,12-08-2023
1252,,,,,13-08-2023
1253,1,09:05,66.800,67.400,14-08-2023
1254,1,08:50,66.900,67.500,15-08-2023
1255,1,09:00,66.950,67.550,16-08-2023
1256,1,08:50,66.900,67.500,17-08-2023
1257,1,09:25,67.050,67.650,18-08-2023
1258,1,08:20,67.000,67.700,19-08-2023
1259,,,,,20-08-2023
1260,1,08:35,67.050,67.650,21-08-2023
1261,1,08:30,66.950,67.550,22-08-2023
1262,1,08:30,67.100,67.700,23-08-2023
1263,1,08:30,67.300,67.900,24-08-2023
1264,1,08:40,67.250,67.850,25-08-2023
1265,1,08:25,67.350,68.050,26-08-2023
1266,,,,,27-08-2023
1267,1,08:30,67.450,68.050,28-08-2023
1268,1,09:00,67.500,68.100,29-08-2023
1269,1,08:30,67.700,68.300,30-08-2023
1270,1,10:55,67.550,68.150,31-08-2023
1271,1,08:40,67.550,68.250,01-09-2023
1272,,,,,02-09-2023
1273,,,,,03-09-2023
1274,,,,,04-09-2023
1275,1,08:30,67.550,68.150,05-09-2023
1276,1,10:05,67.750,68.350,06-09-2023
1277,1,10:30,67.750,68.350,07-09-2023
1278,1,09:50,68.200,68.900,08-09-2023
1279,1,08:35,68.050,68.750,09-09-2023
1280,,,,,10-09-2023
1281,1,09:25,68.150,68.850,11-09-2023
1282,1,08:25,68.200,68.900,12-09-2023
1283,1,08:50,68.050,68.750,13-09-2023
1284,1,08:30,67.900,68.600,14-09-2023
1285,1,08:50,67.850,68.550,15-09-2023
1286,1,08:30,68.000,68.700,16-09-2023
1287,,,,,17-09-2023
1288,1,08:25,68.300,69.000,18-09-2023
1289,1,08:30,68.500,69.200,19-09-2023
1290,1,09:00,68.500,69.200,20-09-2023
1291,1,08:55,68.500,69.200,21-09-2023
1292,1,08:35,68.450,69.150,22-09-2023
1293,1,08:35,68.450,69.150,23-09-2023
1294,,,,,24-09-2023
1295,1,08:50,68.400,69.100,25-09-2023
1296,1,08:30,68.150,68.850,26-09-2023
1297,1,08:30,68.100,68.800,27-09-2023
1298,1,10:00,68.100,68.800,28-09-2023
1299,1,08:35,68.150,68.850,29-09-2023
1300,,,,,30-09-2023
1301,,,,,01-10-2023
1302,1,08:25,68.250,68.950,02-10-2023
1303,1,08:35,68.200,68.900,03-10-2023
1304,1,08:35,68.250,68.950,04-10-2023
1305,1,09:20,68.200,68.900,05-10-2023
1306,1,08:30,68.300,69.000,06-10-2023
1307,1,08:25,68.450,69.150,07-10-2023
1308,,,,,08-10-2023
1309,1,08:30,68.800,69.500,09-10-2023
1310,1,08:30,68.950,69.650,10-10-2023
1311,1,13:50,69.050,69.750,11-10-2023
1312,1,08:35,69.300,70.000,12-10-2023
1313,1,11:30,69.450,70.150,13-10-2023
1314,1,09:00,69.700,71.000,14-10-2023
1315,,,,,15-10-2023
1316,1,13:10,69.850,70.550,16-10-2023
1317,1,08:35,69.550,70.250,17-10-2023
1318,1,08:55,69.450,70.150,18-10-2023
1319,1,08:30,69.650,70.350,19-10-2023
1320,1,09:55,70.150,70.850,20-10-2023
1321,,,,,21-10-2023
1322,,,,,22-10-2023
1323,1,08:40,70.050,70.750,23-10-2023
1324,1,11:00,69.850,70.550,24-10-2023
1325,,,,,25-10-2023
1326,,,,,26-10-2023
1327,,,,,27-10-2023
1328,,,,,28-10-2023
1329,,,,,29-10-2023
1330,,,,,30-10-2023
1331,1,08:30,69.950,70.650,31-10-2023
1332,1,08:35,69.900,70.600,01-11-2023
1333,1,08:30,70.100,70.800,02-11-2023
1334,1,08:40,69.900,70.600,03-11-2023
1335,1,08:30,69.600,70.400,04-11-2023
1336,,,,,05-11-2023
1337,1,08:35,69.050,70.050,06-11-2023
1338,1,08:25,68.500,69.800,07-11-2023
1339,1,08:30,68.900,69.900,08-11-2023
1340,1,08:40,69.100,70.100,09-11-2023
1341,1,08:35,69.300,70.300,10-11-2023
1342,,,,,11-11-2023
1343,,,,,12-11-2023
1344,1,08:25,69.300,70.300,13-11-2023
1345,1,08:30,69.700,70.500,14-11-2023
1346,1,08:30,69.550,70.350,15-11-2023
1347,1,08:40,69.600,70.400,16-11-2023
1348,1,08:30,69.800,70.600,17-11-2023
1349,1,08:30,70.000,70.800,18-11-2023
1350,,,,,19-11-2023
1351,1,08:35,70.050,70.750,20-11-2023
1352,1,08:40,70.250,70.950,21-11-2023
1353,1,09:10,70.600,71.300,22-11-2023
1354,1,08:35,70.700,71.500,23-11-2023
1355,1,08:35,70.650,71.450,24-11-2023
1356,1,09:50,71.100,72.100,25-11-2023
1357,,,,,26-11-2023
1358,1,08:30,71.300,72.300,27-11-2023
1359,1,08:35,71.900,72.700,28-11-2023
1360,1,08:30,72.500,73.500,29-11-2023
1361,1,10:00,72.500,73.700,30-11-2023
1362,1,08:25,72.400,73.600,01-12-2023
1363,1,08:25,72.300,73.500,02-12-2023
1364,,,,,03-12-2023
1365,1,08:30,72.700,74.000,04-12-2023
1366,1,08:25,73.000,74.200,05-12-2023
1367,1,08:30,73.200,74.400,06-12-2023
1368,1,13:20,73.100,74.300,07-12-2023
1369,1,09:00,73.000,74.000,08-12-2023
1370,1,08:30,73.100,74.100,09-12-2023
1371,,,,,10-12-2023
1372,1,08:30,73.000,74.000,11-12-2023
1373,1,09:10,72.600,73.600,12-12-2023
1374,1,09:40,72.600,73.600,13-12-2023
1375,1,08:30,72.800,73.800,14-12-2023
1376,1,08:40,73.300,74.300,15-12-2023
1377,1,08:25,73.500,74.500,16-12-2023
1378,,,,,17-12-2023
1379,1,08:30,73.350,74.350,18-12-2023
1380,1,08:30,73.500,74.500,19-12-2023
1381,1,14:35,73.900,74.900,20-12-2023
1382,1,08:30,74.400,75.400,21-12-2023
1383,1,08:20,74.800,75.800,22-12-2023
1384,1,08:30,75.800,76.800,23-12-2023
1385,,,,,24-12-2023
1386,1,08:35,75.900,76.900,25-12-2023
1387,1,08:25,77.400,78.400,26-12-2023
1388,1,08:25,77.400,79.200,27-12-2023
1389,1,08:25,77.800,79.500,28-12-2023
1390,1,08:25,74.500,77.500,29-12-2023
1391,1,08:35,73.000,76.000,30-12-2023
1392,,,,,31-12-2023
1393,,,,,01-01-2024
1394,1,08:35,70.500,73.500,02-01-2024
1395,1,08:25,72.000,75.000,03-01-2024
1396,1,08:30,72.000,75.000,04-01-2024
1397,1,08:35,72.000,75.000,05-01-2024
1398,1,08:30,72.000,75.000,06-01-2024
1399,,,,,07-01-2024
1400,1,08:25,72.000,75.000,08-01-2024
1401,1,10:10,71.400,74.500,09-01-2024
1402,1,09:05,71.500,74.500,10-01-2024
1403,1,08:55,71.800,74.300,11-01-2024
1404,1,08:40,72.800,75.300,12-01-2024
1405,1,08:35,73.500,76.000,13-01-2024
1406,,,,,14-01-2024
1407,1,08:30,74.000,77.000,15-01-2024
1408,1,08:30,74.000,76.500,16-01-2024
1409,1,08:40,73.500,76.000,17-01-2024
1410,1,08:35,73.500,76.000,18-01-2024
1411,1,08:30,74.200,76.700,19-01-2024
1412,1,08:35,74.300,76.800,20-01-2024
1413,,,,,21-01-2024
1414,1,08:40,73.800,76.300,22-01-2024
1415,1,08:30,73.500,76.000,23-01-2024
1416,1,08:35,74.200,76.700,24-01-2024
1417,1,08:30,74.200,76.700,25-01-2024
1418,1,10:45,74.000,76.500,26-01-2024
1419,1,08:40,74.200,76.700,27-01-2024
1420,,,,,28-01-2024
1421,1,14:05,74.200,76.700,29-01-2024
1422,1,08:55,74.300,76.800,30-01-2024
1423,1,08:55,74.900,77.400,31-01-2024
1424,1,09:20,75.700,78.000,01-02-2024
1425,1,08:30,76.200,78.500,02-02-2024
1426,1,08:30,75.800,78.300,03-02-2024
1427,,,,,04-02-2024
1428,1,09:05,75.700,77.900,05-02-2024
1429,1,08:30,76.300,78.500,06-02-2024
1430,1,08:30,76.300,78.500,07-02-2024
1431,,,,,08-02-2024
1432,,,,,09-02-2024
1433,,,,,10-02-2024
1434,,,,,11-02-2024
1435,,,,,12-02-2024
1436,,,,,13-02-2024
1437,,,,,14-02-2024
1438,1,11:10,75.400,77.700,15-02-2024
1439,1,08:40,76.800,79.000,16-02-2024
1440,1,08:25,76.200,78.400,17-02-2024
1441,1,08:25,76.000,78.600,18-02-2024
1442,1,06:25,75.400,78.400,19-02-2024
1443,1,10:45,75.400,77.700,20-02-2024
1444,1,08:30,76.200,78.400,21-02-2024
1445,1,08:30,75.700,77.900,22-02-2024
1446,1,08:50,76.800,79.000,23-02-2024
1447,1,08:30,76.300,78.500,24-02-2024
1448,,,,,25-02-2024
1449,1,08:20,76.700,78.900,26-02-2024
1450,1,08:40,77.200,79.200,27-02-2024
1451,1,09:45,76.700,78.700,28-02-2024
1452,1,08:30,77.400,79.400,29-02-2024
1453,1,13:35,77.600,79.600,01-03-2024
1454,1,08:30,77.800,79.800,02-03-2024
1455,,,,,03-03-2024
1456,1,08:25,78.200,80.200,04-03-2024
1457,1,09:00,78.900,80.900,05-03-2024
1458,1,08:30,78.800,80.800,06-03-2024
1459,1,08:35,79.000,81.000,07-03-2024
1460,1,08:30,79.800,81.800,08-03-2024
1461,1,10:35,79.700,82.200,09-03-2024
1462,,,,,10-03-2024
1463,1,14:35,80.000,82.000,11-03-2024
1464,1,09:00,80.300,82.300,12-03-2024
1465,1,08:30,80.500,82.500,13-03-2024
1466,1,10:05,79.000,81.000,14-03-2024
1467,1,08:40,79.400,81.400,15-03-2024
1468,1,10:10,79.000,81.500,16-03-2024
1469,,,,,17-03-2024
1470,1,08:20,79.200,81.700,18-03-2024
1471,1,08:30,79.900,81.900,19-03-2024
1472,1,11:00,79.700,81.700,20-03-2024
1473,1,08:35,80.000,82.000,21-03-2024
1474,1,08:30,78.800,80.800,22-03-2024
1475,1,08:35,77.700,80.000,23-03-2024
1476,,,,,24-03-2024
1477,1,08:25,78.000,80.300,25-03-2024
1478,1,15:30,78.000,80.000,26-03-2024
1479,1,13:20,78.500,80.500,27-03-2024
1480,1,08:30,78.900,80.900,28-03-2024
1481,1,09:00,79.500,81.500,29-03-2024
1482,1,08:40,78.700,81.000,30-03-2024
1483,,,,,31-03-2024
1484,1,08:50,78.500,81.000,01-04-2024
1485,1,13:00,79.100,81.100,02-04-2024
1486,1,08:25,79.300,81.300,03-04-2024
1487,1,09:15,79.700,81.700,04-04-2024
1488,1,09:55,78.900,80.900,05-04-2024
1489,1,08:30,79.500,81.500,06-04-2024
1490,,,,,07-04-2024
1491,1,10:05,79.700,81.700,08-04-2024
1492,1,08:40,80.600,82.600,09-04-2024
1493,1,08:20,82.800,84.800,10-04-2024
1494,1,08:30,82.400,84.400,11-04-2024
1495,1,00:00,82.200,84.200,12-04-2024
1496,1,08:25,82.500,84.500,13-04-2024
1497,,,,,14-04-2024
1498,1,00:00,80.600,83.100,15-04-2024
1499,1,00:00,82.100,84.100,16-04-2024
1500,1,00:00,81.700,83.700,17-04-2024
1501,1,00:00,82.100,84.100,18-04-2024
1502,1,11:56,81.800,83.800,19-04-2024
1503,1,08:25,82.000,84.000,20-04-2024
1504,,,,,21-04-2024
1505,1,08:30,82.000,84.000,22-04-2024
1506,1,08:45,80.300,82.800,23-04-2024
1507,1,06:00,81.000,83.300,24-04-2024
1508,1,10:20,81.500,83.800,25-04-2024
1509,1,08:35,82.400,84.600,26-04-2024
1510,,,,,27-04-2024
1511,,,,,28-04-2024
1512,,,,,29-04-2024
1513,,,,,30-04-2024
1514,,,,,01-05-2024
1515,1,09:55,82.500,84.700,02-05-2024
1516,1,09:15,82.900,85.200,03-05-2024
1517,1,08:35,83.500,85.900,04-05-2024
1518,,,,,05-05-2024
1519,1,09:05,83.800,86.000,06-05-2024
1520,1,09:00,84.600,86.800,07-05-2024
1521,1,08:30,85.100,87.300,08-05-2024
1522,1,08:35,85.700,88.000,09-05-2024
1523,1,08:35,87.200,89.500,10-05-2024
1524,1,09:50,88.800,91.300,11-05-2024
1525,,,,,12-05-2024
1526,1,09:00,85.500,88.500,13-05-2024
1527,1,08:25,86.000,89.000,14-05-2024
